{"cameraMode":{"drawMode":0,"name":"Shaded","section":"Shading Mode"},"sceneLighting":false,"audioPlay":false,"sceneViewState":{"m_AlwaysRefresh":false,"showFog":true,"showSkybox":false,"showFlares":true,"showImageEffects":true,"showParticleSystems":true,"showVisualEffectGraphs":true,"m_FxEnabled":true},"in2DMode":false,"pivot":{"x":1.2202073335647584,"y":1.794681191444397,"z":1.1489747762680054},"rotation":{"x":0.017667535692453386,"y":0.9482462406158447,"z":-0.07215957343578339,"w":0.3107759356498718},"size":1.2247449159622193,"orthographic":false}