{"cameraMode":{"drawMode":0,"name":"Shaded","section":"Shading Mode"},"sceneLighting":false,"audioPlay":false,"sceneViewState":{"m_AlwaysRefresh":false,"showFog":true,"showSkybox":false,"showFlares":true,"showImageEffects":true,"showParticleSystems":true,"showVisualEffectGraphs":true,"m_FxEnabled":true},"in2DMode":false,"pivot":{"x":-2.687983512878418,"y":1.0682079792022706,"z":-0.37462589144706728},"rotation":{"x":-0.043809015303850177,"y":-0.6984379291534424,"z":0.050438426434993747,"w":-0.7134736180305481},"size":1.2247449159622193,"orthographic":false}